{
    "65279": "",
    "1632": "۰",
    "1633": "۱",
    "1634": "۲",
    "1635": "۳",
    "1636": "۴",
    "1637": "۵",
    "1638": "۶",
    "1639": "۷",
    "1640": "۸",
    "1641": "۹",
    "1569": "",
    "8204": " ",
    "8207": "",
    "8206": "",
    "8205": "",
    "64378": "چ",
    "64379": "چ",
    "64380": "چ",
    "64381": "چ",
    "64382": "چ",
    "64387": "ی",
    "64390": "د",
    "64394": "ژ",
    "64395": "ژ",
    "64398": "ک",
    "64399": "ک",
    "64400": "ک",
    "64401": "ک",
    "64402": "گ",
    "64403": "گ",
    "64404": "گ",
    "64405": "گ",
    "64408": "گ",
    "64410": "گ",
    "64412": "گ",
    "64413": "گ",
    "64420": "ه",
    "64421": "ه",
    "64422": "ه",
    "64423": "ه",
    "64425": "ه",
    "64426": "ه",
    "64427": "ه",
    "64428": "ه",
    "64429": "ه",
    "64430": "ی",
    "64431": "ی",
    "64432": "ی",
    "64433": "ی",
    "64472": "و",
    "64473": "و",
    "64474": "و",
    "64476": "و",
    "64479": "و",
    "64482": "و",
    "64483": "و",
    "64486": "ی",
    "64487": "ی",
    "64508": "ی",
    "64509": "ی",
    "64510": "ی",
    "64511": "ی",
    "64521": "بی",
    "64591": "نی",
    "64830": ")",
    "64831": "(",
    "65010": "الله",
    "65019": "جلاله",
    "65020": "ریال",
    "65153": "ا",
    "65154": "ا",
    "65155": "ا",
    "65156": "ا",
    "65157": "و",
    "65158": "و",
    "65159": "ا",
    "65161": "ی",
    "65163": "ی",
    "65164": "ی",
    "65165": "ا",
    "65166": "ا",
    "65167": "ب",
    "65168": "ب",
    "65169": "ب",
    "65170": "ب",
    "65171": "ت",
    "65172": "ت",
    "65173": "ت",
    "65174": "ت",
    "65175": "ت",
    "65176": "ت",
    "65177": "ث",
    "65178": "ث",
    "65179": "ث",
    "65180": "ث",
    "65181": "ج",
    "65182": "ج",
    "65183": "ج",
    "65184": "ج",
    "65185": "ح",
    "65186": "ح",
    "65187": "ح",
    "65188": "ح",
    "65189": "خ",
    "65190": "خ",
    "65191": "خ",
    "65192": "خ",
    "65193": "د",
    "65194": "د",
    "65195": "ذ",
    "65196": "ذ",
    "65197": "ر",
    "65198": "ر",
    "65199": "ز",
    "65200": "ز",
    "65201": "س",
    "65202": "س",
    "65203": "س",
    "65204": "س",
    "65205": "ش",
    "65206": "ش",
    "65207": "ش",
    "65208": "ش",
    "65209": "ص",
    "65210": "ص",
    "65211": "ص",
    "65212": "ص",
    "65213": "ض",
    "65214": "ض",
    "65215": "ض",
    "65216": "ض",
    "65217": "ط",
    "65218": "ط",
    "65219": "ط",
    "65220": "ط",
    "65221": "ظ",
    "65222": "ظ",
    "65223": "ظ",
    "65224": "ظ",
    "65225": "ع",
    "65226": "ع",
    "65227": "ع",
    "65228": "ع",
    "65229": "غ",
    "65230": "غ",
    "65231": "غ",
    "65232": "غ",
    "65233": "ف",
    "65234": "ف",
    "65235": "ف",
    "65236": "ف",
    "65237": "ق",
    "65238": "ق",
    "65239": "ق",
    "65240": "ق",
    "65241": "ک",
    "65242": "ک",
    "65243": "ک",
    "65244": "ک",
    "65245": "ل",
    "65246": "ل",
    "65247": "ل",
    "65248": "ل",
    "65249": "م",
    "65250": "م",
    "65251": "م",
    "65252": "م",
    "65253": "ن",
    "65254": "ن",
    "65255": "ن",
    "65256": "ن",
    "65257": "ه",
    "65258": "ه",
    "65259": "ه",
    "65260": "ه",
    "65261": "و",
    "65262": "و",
    "65263": "ی",
    "65264": "ی",
    "65265": "ی",
    "65266": "ی",
    "65267": "ی",
    "65268": "ی",
    "65269": "لا",
    "65271": "لا",
    "65272": "لا",
    "65273": "لا",
    "65275": "لا",
    "65276": "لا",
    "65281": "!",
    "65288": "(",
    "65289": ")",
    "65290": "*",
    "65291": "+",
    "65292": "،",
    "65293": "-",
    "65294": ".",
    "65295": "/",
    "8208": "-",
    "8209": "-",
    "821": "-",
    "8210": "-",
    "8211": "-",
    "8212": "-",
    "8213": "-",
    "1168": "م",
    "1169": "م",
    "1489": "د",
    "1508": "د",
    "3675": "س",
    "64369": "ق",
    "64336": "ا",
    "64337": "ا",
    "64342": "پ",
    "64343": "پ",
    "64344": "پ",
    "64345": "پ",
    "64347": "پ",
    "64350": "ت",
    "64351": "ت",
    "64352": "ت",
    "64353": "ت",
    "64359": "ت",
    "64361": "ت",
    "1830": "م",
    "1831": "غ",
    "1832": "م",
    "187": "»",
    "1883": "ر",
    "1884": "ش",
    "1885": "ش",
    "1897": "ن",
    "59": "؛",
    "64292": "د",
    "64305": "ن",
    "64312": "ن",
    "64315": "ن",
    "64316": "ن",
    "64320": "ن",
    "64321": "ن",
    "64324": "و",
    "64328": "ن",
    "64330": "ن",
    "64332": "ذ",
    "64334": "خ",
    "1813": "ج",
    "1788": "غ",
    "1790": "م",
    "1827": "ه",
    "183": ".",
    "1683": "ر",
    "1685": "ر",
    "1686": "ر",
    "1688": "ژ",
    "1689": "ژ",
    "1690": "س",
    "1691": "س",
    "1695": "ط",
    "1700": "ف",
    "1702": "ف",
    "1703": "ف",
    "1705": "ک",
    "1706": "ک",
    "1707": "ک",
    "1709": "ک",
    "171": "«",
    "1711": "گ",
    "1713": "گ",
    "1715": "گ",
    "1716": "گ",
    "1717": "ل",
    "1719": "ل",
    "1720": "ل",
    "1722": "ن",
    "1723": "ن",
    "1724": "ن",
    "1726": "ه",
    "1727": "چ",
    "1728": "ه",
    "1729": "ه",
    "1730": "ه",
    "1731": "ه",
    "1732": "و",
    "1733": "و",
    "1734": "و",
    "1735": "و",
    "1736": "و",
    "1737": "و",
    "1738": "و",
    "1739": "و",
    "1740": "ی",
    "1741": "ی",
    "1742": "ی",
    "1743": "و",
    "1744": "ی",
    "1746": "ی",
    "1747": "ی",
    "1748": "-",
    "1749": "ه",
    "1679": "د",
    "1681": "ر",
    "1669": "خ",
    "1670": "چ",
    "1671": "چ",
    "1672": "د",
    "1673": "د",
    "1674": "د",
    "1662": "پ",
    "1585": "ر",
    "1608": "و",
    "1575": "ا",
    "1586": "ز",
    "1593": "ع",
    "1587": "س",
    "12298": "»",
    "12299": "«",
    "12304": "[",
    "12305": "]",
    "12308": "[",
    "12309": "]",
    "1547": "ف",
    "1550": "ه",
    "1551": "ع",
    "1571": "ا",
    "1572": "و",
    "1573": "ا",
    "1574": "ی",
    "1576": "ب",
    "1577": "ت",
    "1578": "ت",
    "1579": "ث",
    "1580": "ج",
    "1581": "ح",
    "1582": "خ",
    "1583": "د",
    "1584": "ذ",
    "1588": "ش",
    "1589": "ص",
    "1590": "ض",
    "1591": "ط",
    "1592": "ظ",
    "1594": "غ",
    "1595": "ک",
    "1596": "ک",
    "1597": "ی",
    "1598": "ی",
    "1599": "ی",
    "1601": "ف",
    "1602": "ق",
    "1603": "ک",
    "1604": "ل",
    "1605": "م",
    "1606": "ن",
    "1607": "ه",
    "1609": "ی",
    "1610": "ی",
    "1643": "،",
    "1644": "،",
    "1645": "*",
    "1649": "ا",
    "1650": "ا",
    "1651": "ا",
    "1654": "و",
    "1656": "ی",
    "1658": "ت",
    "1659": "ی",
    "1660": "ت",
    "1661": "ث",
    "1663": "ف",
    "1664": "ف",
    "1665": "ح",
    "1666": "خ",
    "894": "؛",
    "65306": ":",
    "8220": "\"",
    "8221": "\"",
    "34": "\"",
    "48": "۰",
    "49": "١",
    "50": "٢",
    "51": "۳",
    "52": "۴",
    "53": "۵",
    "54": "۶",
    "55": "۷",
    "56": "۸",
    "57": "۹"
}
